{
  "main": {
    "id": "015121531ae14710",
    "type": "split",
    "children": [
      {
        "id": "2d0b6618fed94df6",
        "type": "tabs",
        "children": [
          {
            "id": "e7d7a01f7067a0e7",
            "type": "leaf",
            "state": {
              "type": "canvas",
              "state": {
                "file": "SOC ATTACK MAP.canvas",
                "viewState": {
                  "x": -776.5,
                  "y": -637.4606317485898,
                  "zoom": -1.4172010812140414
                }
              }
            }
          },
          {
            "id": "38e666600413ea3f",
            "type": "leaf",
            "state": {
              "type": "image",
              "state": {
                "file": "Images/Pasted image 20240521114524.png"
              }
            }
          }
        ]
      }
    ],
    "direction": "vertical"
  },
  "left": {
    "id": "038b08c339e537e6",
    "type": "split",
    "children": [
      {
        "id": "262076d01402b18e",
        "type": "tabs",
        "children": [
          {
            "id": "23b8401a2ca0caee",
            "type": "leaf",
            "state": {
              "type": "file-explorer",
              "state": {
                "sortOrder": "alphabetical"
              }
            }
          },
          {
            "id": "fd88aeab90894479",
            "type": "leaf",
            "state": {
              "type": "search",
              "state": {
                "query": "",
                "matchingCase": false,
                "explainSearch": false,
                "collapseAll": false,
                "extraContext": false,
                "sortOrder": "alphabetical"
              }
            }
          },
          {
            "id": "35d88d91d0141a41",
            "type": "leaf",
            "state": {
              "type": "bookmarks",
              "state": {}
            }
          }
        ]
      }
    ],
    "direction": "horizontal",
    "width": 395.5
  },
  "right": {
    "id": "54b04589bf1f5858",
    "type": "split",
    "children": [
      {
        "id": "1a4b96e599487e76",
        "type": "tabs",
        "children": [
          {
            "id": "03434b1936ba458a",
            "type": "leaf",
            "state": {
              "type": "backlink",
              "state": {
                "file": "SOC ATTACK MAP.canvas",
                "collapseAll": false,
                "extraContext": false,
                "sortOrder": "alphabetical",
                "showSearch": false,
                "searchQuery": "",
                "backlinkCollapsed": false,
                "unlinkedCollapsed": true
              }
            }
          },
          {
            "id": "64c4eacd898f537e",
            "type": "leaf",
            "state": {
              "type": "outgoing-link",
              "state": {
                "file": "SOC ATTACK MAP.canvas",
                "linksCollapsed": false,
                "unlinkedCollapsed": true
              }
            }
          },
          {
            "id": "89d205a5faf5bdfe",
            "type": "leaf",
            "state": {
              "type": "tag",
              "state": {
                "sortOrder": "frequency",
                "useHierarchy": true
              }
            }
          },
          {
            "id": "4deb6e655078802a",
            "type": "leaf",
            "state": {
              "type": "outline",
              "state": {
                "file": "SOC ATTACK MAP.canvas"
              }
            }
          }
        ]
      }
    ],
    "direction": "horizontal",
    "width": 300,
    "collapsed": true
  },
  "left-ribbon": {
    "hiddenItems": {
      "switcher:Open quick switcher": false,
      "graph:Open graph view": false,
      "canvas:Create new canvas": false,
      "daily-notes:Open today's daily note": false,
      "templates:Insert template": false,
      "command-palette:Open command palette": false
    }
  },
  "active": "e7d7a01f7067a0e7",
  "lastOpenFiles": [
    "1. AWS INSTANCE SETUP.md",
    "Images/Pasted image 20240521114524.png",
    "Images/Pasted image 20240509120358.png",
    "4. DISCORD.md",
    "3. RECIEVER.md",
    "2. SPLUNK FORWARDERS.md",
    "SOC ATTACK MAP.canvas",
    "Images/Pasted image 20240530114304.png",
    "Images/Pasted image 20240530114607.png",
    "Images/Pasted image 20240530114415.png",
    "Images/Pasted image 20240509120119.png",
    "Images/Pasted image 20240509123805.png",
    "Images/Pasted image 20240509123230.png",
    "Images/Pasted image 20240509122131.png",
    "Images/Pasted image 20240509121602.png",
    "Untitled.canvas",
    "Untitled",
    "Images",
    "SOC.pem"
  ]
}